Experiment Group,GAPDH_FPKM,H19_FPKM
BC,1130.437688,2055.116869
BC,1058.928151,1832.715618
BC,991.3713822,1631.577419
BC_DOX,1107.247301,1384.713702
BC_DOX,1190.702093,1443.587561
BC_DOX,1142.586632,1447.255725
DL,1412.95745,61.03231685
DL,1368.55803,58.17917804
DL,1417.74518,58.36042431
DL_DOX,1374.30204,118.8873027
DL_DOX,1281.3003,117.0434185
DL_DOX,1320.59562,124.0072051